nama_organisasi,kode_jabatan,kelompok_jabatan,bod_level,nama_jabatan,id_jobfamily,komoditas
SUPP,SUPH00001,head of PMO (Sub Holding),1,Head Of PMN,34,
SUPP,SUPH00002,Kepala Divisi (Sub Holding),1,Kepala Divisi  Hubungan Kelembagaan dan TJSL,15,
SUPP,SUPH00003,Kepala Divisi (Sub Holding),1,Kepala Divisi Akuntansi dan Perpajakan,15,
SUPP,SUPH00004,Kepala Divisi (Sub Holding),1,Kepala Divisi Hukum,16,
SUPP,SUPH00005,Kepala Divisi (Sub Holding),1,Kepala Divisi Inovasi dan Pengembangan Bisnis,17,
SUPP,SUPH00006,Kepala Divisi (Sub Holding),1,Kepala Divisi Komoditi Aneka Tanaman,18,
SUPP,SUPH00007,Kepala Divisi (Sub Holding),1,Kepala Divisi Komoditi Sawit dan Karet,18,
SUPP,SUPH00008,Kepala Divisi (Sub Holding),1,Kepala Divisi Komoditi Tebu,18,
SUPP,SUPH00009,Kepala Divisi (Sub Holding),1,Kepala Divisi Manajemen dan Optimalisasi Aset I,17,
SUPP,SUPH00010,Kepala Divisi (Sub Holding),1,Kepala Divisi Manajemen dan Optimalisasi Aset II,17,
SUPP,SUPH00011,Kepala Divisi (Sub Holding),1,Kepala Divisi Manajemen Risiko dan Sustainability,16,
SUPP,SUPH00012,Kepala Divisi (Sub Holding),1,Kepala Divisi Operasional SDM dan General Affair,15,
SUPP,SUPH00013,Kepala Divisi (Sub Holding),1,Kepala Divisi Pengadaan dan Teknologi Informasi,15,
SUPP,SUPH00014,Kepala Divisi (Sub Holding),1,Kepala Divisi Pengembangan SDM dan Budaya Perusahaan,15,
SUPP,SUPH00015,Kepala Divisi (Sub Holding),1,Kepala Divisi Perbendaharaan Anggaran dan Keuangan,13,
SUPP,SUPH00016,Kepala Divisi (Sub Holding),1,Kepala Divisi Portofolio dan Strategi Korporasi,17,
SUPP,SUPH00017,Kepala Divisi (Sub Holding),1,Kepala Divisi Satuan Pengawasan Intern,16,
SUPP,SUPH00018,Kepala Divisi (Sub Holding),1,Kepala Divisi Sekretariat Perusahaan,15,
SUPP,SUPH00019,head of PMO (Sub Holding),1,Lead STO/PMO,34,
SUPP,SUPH00020,Co Head/Co Lead/Lead (Sub Holding),2,Co Lead STO,34,
SUPP,SUPH00021,Co Head/Co Lead/Lead (Sub Holding),2,Deputy Project Manajer PMN,34,
SUPP,SUPH00022,Kepala Sub Divisi (Sub Holding),2,"Kepala Sub Divisi Administrasi, Pemetaan, Pemeliharaan dan KSO Aneka Tanaman",18,
SUPP,SUPH00023,Kepala Sub Divisi (Sub Holding),2,Kepala Sub Divisi Agraria dan Pemetaan,16,
SUPP,SUPH00024,Kepala Sub Divisi (Sub Holding),2,Kepala Sub Divisi Akuntansi dan Pelaporan,13,
SUPP,SUPH00025,Kepala Sub Divisi (Sub Holding),2,Kepala Sub Divisi HPS dan Informasi Harga,15,
SUPP,SUPH00026,Kepala Sub Divisi (Sub Holding),2,Kepala Sub Divisi Hubungan Kelembagaan,15,
SUPP,SUPH00027,Kepala Sub Divisi (Sub Holding),2,Kepala Sub Divisi Hukum dan Peraturan Perusahaan,16,
SUPP,SUPH00028,Kepala Sub Divisi (Sub Holding),2,Kepala Sub Divisi Hukum Litigasi dan Non Litigasi,16,
SUPP,SUPH00029,Kepala Sub Divisi (Sub Holding),2,Kepala Sub Divisi Kas dan Bank,13,
SUPP,SUPH00030,Kepala Sub Divisi (Sub Holding),2,Kepala Sub Divisi Kemitraan KSO Kelapa Sawit,18,
SUPP,SUPH00031,Kepala Sub Divisi (Sub Holding),2,Kepala Sub Divisi Komoditi Aneka Tanaman,18,
SUPP,SUPH00032,Kepala Sub Divisi (Sub Holding),2,Kepala Sub Divisi Komunikasi Perusahaan,15,
SUPP,SUPH00033,Kepala Sub Divisi (Sub Holding),2,Kepala Sub Divisi Logistik,15,
SUPP,SUPH00034,Kepala Sub Divisi (Sub Holding),2,Kepala Sub Divisi Manajemen Audit,16,
SUPP,SUPH00035,Kepala Sub Divisi (Sub Holding),2,Kepala Sub Divisi Manajemen Kinerja Anak Perusahaan,17,
SUPP,SUPH00036,Kepala Sub Divisi (Sub Holding),2,Kepala Sub Divisi Manajemen Kinerja Korporasi,15,
SUPP,SUPH00037,Kepala Sub Divisi (Sub Holding),2,Kepala Sub Divisi Manajemen Risiko,16,
SUPP,SUPH00038,Kepala Sub Divisi (Sub Holding),2,Kepala Sub Divisi Manajemen Talenta dan Perencanaan Tenaga Kerja,15,
SUPP,SUPH00039,Kepala Sub Divisi (Sub Holding),2,Kepala Sub Divisi Operasional Aneka Tanaman,18,
SUPP,SUPH00040,Kepala Sub Divisi (Sub Holding),2,Kepala Sub Divisi Operasional Tanaman Komoditi Karet,18,
SUPP,SUPH00041,Kepala Sub Divisi (Sub Holding),2,Kepala Sub Divisi Operasional Tebu,18,
SUPP,SUPH00042,Kepala Sub Divisi (Sub Holding),2,Kepala Sub Divisi Operasional TI dan ERP,15,
SUPP,SUPH00043,Kepala Sub Divisi (Sub Holding),2,Kepala Sub Divisi Pemasaran Komoditi dan Ritel,14,
SUPP,SUPH00044,Kepala Sub Divisi (Sub Holding),2,Kepala Sub Divisi Pengadaan,15,
SUPP,SUPH00045,Kepala Sub Divisi (Sub Holding),2,Kepala Sub Divisi Pengelolaan Bisnis Aset I,17,
SUPP,SUPH00046,Kepala Sub Divisi (Sub Holding),2,Kepala Sub Divisi Pengelolaan Bisnis Aset II,17,
SUPP,SUPH00047,Kepala Sub Divisi (Sub Holding),2,Kepala Sub Divisi Pengembangan Organisasi dan Budaya,15,
SUPP,SUPH00048,Kepala Sub Divisi (Sub Holding),2,Kepala Sub Divisi Pengembangan SDM dan Manajemen Kinerja,15,
SUPP,SUPH00049,Kepala Sub Divisi (Sub Holding),2,Kepala Sub Divisi Perbendaharaan dan Anggaran,13,
SUPP,SUPH00050,Kepala Sub Divisi (Sub Holding),2,Kepala Sub Divisi Perencanaan dan Pengembangan Bisnis Aset,17,
SUPP,SUPH00051,Kepala Sub Divisi (Sub Holding),2,Kepala Sub Divisi Perencanaan dan Pengembangan Bisnis Tanaman,17,
SUPP,SUPH00052,Kepala Sub Divisi (Sub Holding),2,Kepala Sub Divisi Perencanaan Strategi Korporasi,17,
SUPP,SUPH00053,Kepala Sub Divisi (Sub Holding),2,Kepala Sub Divisi Perizinan dan Divestasi Aset ,16,
SUPP,SUPH00054,Kepala Sub Divisi (Sub Holding),2,Kepala Sub Divisi Perpajakan dan Asuransi,13,
SUPP,SUPH00055,Kepala Sub Divisi (Sub Holding),2,Kepala Sub Divisi Personalia dan Remunerasi,15,
SUPP,SUPH00056,Kepala Sub Divisi (Sub Holding),2,Kepala Sub Divisi Portofolio Anak Perusahaan,17,
SUPP,SUPH00057,Kepala Sub Divisi (Sub Holding),2,"Kepala Sub Divisi Proteksi, Pemupukan dan Hama Penyakit Komoditi Karet",18,
SUPP,SUPH00058,Kepala Sub Divisi (Sub Holding),2,Kepala Sub Divisi Sekretariat dan GCG,15,
SUPP,SUPH00059,Kepala Sub Divisi (Sub Holding),2,Kepala Sub Divisi Sistem Manajemen dan Sustainability,16,
SUPP,SUPH00060,Kepala Sub Divisi (Sub Holding),2,Kepala Sub Divisi Tata Kelola dan Pengembangan TI,15,
SUPP,SUPH00061,Kepala Sub Divisi (Sub Holding),2,Kepala Sub Divisi Teknik dan Infrastruktur,19,
SUPP,SUPH00062,Kepala Sub Divisi (Sub Holding),2,Kepala Sub Divisi TJSL,15,
SUPP,SUPH00063,Kepala Sub Divisi (Sub Holding),2,Kepala Sub Divisi Umum,15,
SUPP,SUPH00064,Ketua tim  (Sub Holding),2,Ketua Tim Audit,16,
SUPP,SUPH00065,Co Head/Co Lead/Lead (Sub Holding),2,Tim PMN,34,
SUPP,SUPH00066,Co Head/Co Lead/Lead (Sub Holding),2,Tim STO (Setingkat BRM-2),34,
SUPP,SUPH00067,Asisten Holding/Sub Holding/Regional,3,Asisten Admin dan Monitoring Pengadaan,15,
SUPP,SUPH00068,Asisten Holding/Sub Holding/Regional,3,Asisten Administrasi dan Pemetaan Aneka Tanaman,18,
SUPP,SUPH00069,Asisten Holding/Sub Holding/Regional,3,Asisten Administrasi dan Pemetaan Tanaman Karet,18,
SUPP,SUPH00070,Asisten Holding/Sub Holding/Regional,3,Asisten Administrasi dan Pemetaan Tanaman Tebu,18,
SUPP,SUPH00071,Asisten Holding/Sub Holding/Regional,3,Asisten Administrasi KSO Aneka Tanaman,18,
SUPP,SUPH00072,Asisten Holding/Sub Holding/Regional,3,Asisten Administrasi KSO Tebu,18,
SUPP,SUPH00073,Asisten Holding/Sub Holding/Regional,3,Asisten Agraria,16,
SUPP,SUPH00074,Asisten Holding/Sub Holding/Regional,3,Asisten Analisa Laporan Keuangan,13,
SUPP,SUPH00075,Asisten Holding/Sub Holding/Regional,3,Asisten Asuransi,13,
SUPP,SUPH00076,Asisten Holding/Sub Holding/Regional,3,Asisten Auditor,16,
SUPP,SUPH00077,Asisten Holding/Sub Holding/Regional,3,Asisten Budaya Perusahaan,15,
SUPP,SUPH00078,Asisten Holding/Sub Holding/Regional,3,Asisten ERP,15,
SUPP,SUPH00079,Asisten Holding/Sub Holding/Regional,3,Asisten HPS dan Informasi Harga,15,
SUPP,SUPH00080,Asisten Holding/Sub Holding/Regional,3,Asisten Hubungan Industrial dan Pensiun,15,
SUPP,SUPH00081,Asisten Holding/Sub Holding/Regional,3,Asisten Hubungan Kelembagaan Governance,15,
SUPP,SUPH00082,Asisten Holding/Sub Holding/Regional,3,Asisten Hubungan Kelembagaan Non Governance,15,
SUPP,SUPH00083,Asisten Holding/Sub Holding/Regional,3,Asisten Hukum dan Peraturan Perusahaan,16,
SUPP,SUPH00084,Asisten Holding/Sub Holding/Regional,3,Asisten Kajian Risiko,16,
SUPP,SUPH00085,Asisten Holding/Sub Holding/Regional,3,Asisten Kartografi,18,
SUPP,SUPH00086,Asisten Holding/Sub Holding/Regional,3,Asisten Kas dan Bank,13,
SUPP,SUPH00087,Asisten Holding/Sub Holding/Regional,3,Asisten Kesekretariatan dan Support Organ Korporasi,15,
SUPP,SUPH00088,Asisten Holding/Sub Holding/Regional,3,Asisten Kesekretariatan dan Support Organ Korporasi (PA Direktur Utama),15,
SUPP,SUPH00089,Asisten Holding/Sub Holding/Regional,3,Asisten Komunikasi Perusahaan,15,
SUPP,SUPH00090,Asisten Holding/Sub Holding/Regional,3,Asisten Konsolidasi Laporan Keuangan,13,
SUPP,SUPH00091,Asisten Holding/Sub Holding/Regional,3,Asisten Litigasi,16,
SUPP,SUPH00092,Asisten Holding/Sub Holding/Regional,3,Asisten Logistik,15,
SUPP,SUPH00093,Asisten Holding/Sub Holding/Regional,3,Asisten Manajemen Aset Agrowisata I,17,
SUPP,SUPH00094,Asisten Holding/Sub Holding/Regional,3,Asisten Manajemen Aset Agrowisata II,17,
SUPP,SUPH00095,Asisten Holding/Sub Holding/Regional,3,Asisten Manajemen Aset Kawasan dan Properti I,17,
SUPP,SUPH00096,Asisten Holding/Sub Holding/Regional,3,Asisten Manajemen Aset Kawasan dan Properti II,17,
SUPP,SUPH00097,Asisten Holding/Sub Holding/Regional,3,"Asisten Manajemen Aset Tanaman, Energi/Tambang I",17,
SUPP,SUPH00098,Asisten Holding/Sub Holding/Regional,3,"Asisten Manajemen Aset, Tanaman, dan Energi/ Tambang II",17,
SUPP,SUPH00099,Asisten Holding/Sub Holding/Regional,3,Asisten Manajemen Audit,16,
SUPP,SUPH00100,Asisten Holding/Sub Holding/Regional,3,Asisten Manajemen Kinerja Anak Perusahaan,17,
SUPP,SUPH00101,Asisten Holding/Sub Holding/Regional,3,Asisten Manajemen Kinerja Karyawan,15,
SUPP,SUPH00102,Asisten Holding/Sub Holding/Regional,3,Asisten Manajemen Kinerja Korporasi,15,
SUPP,SUPH00103,Asisten Holding/Sub Holding/Regional,3,Asisten Manajemen Talenta,15,
SUPP,SUPH00104,Asisten Holding/Sub Holding/Regional,3,Asisten Monitoring Audit dan WBS,16,
SUPP,SUPH00105,Asisten Holding/Sub Holding/Regional,3,Asisten Monitoring Risiko,16,
SUPP,SUPH00106,Asisten Holding/Sub Holding/Regional,3,Asisten Non Litigasi,16,
SUPP,SUPH00107,Asisten Holding/Sub Holding/Regional,3,Asisten Operasional Komoditi Kopi,18,
SUPP,SUPH00108,Asisten Holding/Sub Holding/Regional,3,Asisten Operasional TI,15,
SUPP,SUPH00109,Asisten Holding/Sub Holding/Regional,3,Asisten Pajak,13,
SUPP,SUPH00110,Asisten Holding/Sub Holding/Regional,3,Asisten Pelaksanaan TJSL dan Pembinaan UMK,15,
SUPP,SUPH00111,Asisten Holding/Sub Holding/Regional,3,Asisten Pemasaran Aneka Tanaman,18,
SUPP,SUPH00112,Asisten Holding/Sub Holding/Regional,3,Asisten Pemasaran Karet dan Kopi,14,
SUPP,SUPH00113,Asisten Holding/Sub Holding/Regional,3,Asisten Pemasaran Ritel,14,
SUPP,SUPH00114,Asisten Holding/Sub Holding/Regional,3,Asisten Pemasaran Teh,14,
SUPP,SUPH00115,Asisten Holding/Sub Holding/Regional,3,Asisten Pembelian Bahan Baku,33,
SUPP,SUPH00116,Asisten Holding/Sub Holding/Regional,3,Asisten Pemeliharaan dan Proteksi Tanaman Karet,18,
SUPP,SUPH00117,Asisten Holding/Sub Holding/Regional,3,"Asisten Pemeliharaan, Pemupukan dan Proteksi Tanaman Tebu",18,
SUPP,SUPH00118,Asisten Holding/Sub Holding/Regional,3,Asisten Pemupukan Tanaman Karet,18,
SUPP,SUPH00119,Asisten Holding/Sub Holding/Regional,3,Asisten Pendanaan Eksternal,13,
SUPP,SUPH00120,Asisten Holding/Sub Holding/Regional,3,Asisten Pengadaan,15,
SUPP,SUPH00121,Asisten Holding/Sub Holding/Regional,3,Asisten Penganggaran dan Pelaporan TJSL,15,
SUPP,SUPH00122,Asisten Holding/Sub Holding/Regional,3,Asisten Pengawasan Anggaran,13,
SUPP,SUPH00123,Asisten Holding/Sub Holding/Regional,3,Asisten Pengawasan dan Strategi KSO Kelapa Sawit,18,
SUPP,SUPH00124,Asisten Holding/Sub Holding/Regional,3,Asisten Pengelolaan PMN,34,
SUPP,SUPH00125,Asisten Holding/Sub Holding/Regional,3,Asisten Pengembangan Bisnis Aset,17,
SUPP,SUPH00126,Asisten Holding/Sub Holding/Regional,3,Asisten Pengembangan Bisnis Tanaman,17,
SUPP,SUPH00127,Asisten Holding/Sub Holding/Regional,3,Asisten Pengembangan Organisasi,15,
SUPP,SUPH00128,Asisten Holding/Sub Holding/Regional,3,Asisten Pengembangan SDM,15,
SUPP,SUPH00129,Asisten Holding/Sub Holding/Regional,3,Asisten Pengembangan TI,15,
SUPP,SUPH00130,Asisten Holding/Sub Holding/Regional,3,Asisten Pengolahan Komoditi Teh,19,
SUPP,SUPH00131,Asisten Holding/Sub Holding/Regional,3,Asisten Perencanaan Anggaran,13,
SUPP,SUPH00132,Asisten Holding/Sub Holding/Regional,3,Asisten Perencanaan dan Pengawasan Sipil dan Traksi,19,
SUPP,SUPH00133,Asisten Holding/Sub Holding/Regional,3,Asisten Perencanaan dan Pengawasan Teknik,19,
SUPP,SUPH00134,Asisten Holding/Sub Holding/Regional,3,Asisten Perencanaan Strategi  Korporasi,17,
SUPP,SUPH00135,Asisten Holding/Sub Holding/Regional,3,Asisten Perencanaan Tenaga Kerja dan Rekrutmen,15,
SUPP,SUPH00136,Asisten Holding/Sub Holding/Regional,3,Asisten Perizinan dan Divestasi Aset,16,
SUPP,SUPH00137,Asisten Holding/Sub Holding/Regional,3,Asisten Personalia dan HRIS,15,
SUPP,SUPH00138,Asisten Holding/Sub Holding/Regional,3,Asisten PMN,34,
SUPP,SUPH00139,Asisten Holding/Sub Holding/Regional,3,Asisten Portofolio Anak Perusahaan,17,
SUPP,SUPH00140,Asisten Holding/Sub Holding/Regional,3,Asisten Produksi Komoditi Teh,18,
SUPP,SUPH00141,Asisten Holding/Sub Holding/Regional,3,Asisten Produksi Pengolahan Komoditi Karet,19,
SUPP,SUPH00142,Asisten Holding/Sub Holding/Regional,3,Asisten Produksi Tanaman Karet,18,
SUPP,SUPH00143,Asisten Holding/Sub Holding/Regional,3,"Asisten Produksi Tembakau, Kayu dan Aneka Tanaman",18,
SUPP,SUPH00144,Asisten Holding/Sub Holding/Regional,3,Asisten Remunerasi,15,
SUPP,SUPH00145,Asisten Holding/Sub Holding/Regional,3,Asisten Sistem Manajemen,16,
SUPP,SUPH00146,Asisten Holding/Sub Holding/Regional,3,Asisten Sustainability ESG dan Sertifikasi,16,
SUPP,SUPH00147,Asisten Holding/Sub Holding/Regional,3,Asisten Tata Kelola TI,15,
SUPP,SUPH00148,Asisten Holding/Sub Holding/Regional,3,Asisten Teknik Sipil dan Infrastruktur,19,
SUPP,SUPH00149,Asisten Holding/Sub Holding/Regional,3,Asisten Umum dan Urta,15,
SUPP,SUPH00150,Asisten Holding/Sub Holding/Regional,3,Asisten Verifikasi,13,
SUPP,SUPH00151,Asisten Holding/Sub Holding/Regional,3,STO Bidang Bidang Aset,34,
SUPP,SUPH00152,Asisten Holding/Sub Holding/Regional,3,STO Bidang Keuangan,34,
SUPP,SUPH00153,Asisten Holding/Sub Holding/Regional,3,STO Bidang Operasional & Pengadaan,34,
SUPP,SUPH00154,Asisten Holding/Sub Holding/Regional,3,STO Bidang Operasional dan Pengadaan,34,
SUPP,SUPH00155,Asisten Holding/Sub Holding/Regional,3,STO Bidang Operasional Non Sawit,34,
SUPP,SUPH00156,Asisten Holding/Sub Holding/Regional,3,STO Bidang Pemasaran,34,
SUPP,SUPH00157,Asisten Holding/Sub Holding/Regional,3,STO Bidang SDM & Rensus,34,
SUPP,SUPH00158,Asisten Holding/Sub Holding/Regional,3,Tim STO (Setingkat BRM-3),34,
SUPP,SUPR00001,Kepala Bagian (Region Office),1,Kepala Bagian Manajemen Aset dan Pemasaran,17,
SUPP,SUPR00002,Kepala Bagian (Region Office),1,Kepala Bagian Manajemen Aset,17,
SUPP,SUPR00046,Grup Manager  (Unit/Distrik/Cluster),1,Group Manager Management Aset,17,
SUPP,SUPR00047,Grup Manager  (Unit/Distrik/Cluster),1,Group Manager Teh Off Farm,33,
SUPP,SUPR00048,Grup Manager  (Unit/Distrik/Cluster),1,Group Manager Teh On Farm,18,
SUPP,SUPR00003,Kepala Bagian (Region Office),1,Kepala Bagian Akuntansi dan Keuangan,13,
SUPP,SUPR00004,Kepala Bagian (Region Office),1,Kepala Bagian Tanaman,33,
SUPP,SUPR00005,Kepala Bagian (Region Office),1,Kepala Bagian Tanaman dan Teknik Pengolahan,33,
SUPP,SUPR00006,Kepala Bagian (Region Office),1,Kepala Bagian Teknik dan Pengolahan,19,
SUPP,SUPR00007,Kepala Bagian (Region Office),1,Kepala Bagian Pengadaan dan Teknologi Informasi,15,
SUPP,SUPR00042,Pimpinan Proyek PMN (Region Office),1,Pimpinan Proyek PMN,34,
SUPP,SUPR00043,head of PMO (Region Office),1,Project Manager Kawasan,17,
SUPP,SUPR00044,head of PMO (Region Office),1,Project Manager Teknik dan Pengolahan,17,
SUPP,SUPR00045,head of PMO (Region Office),1,Project Manajer Pengawalan Bahan Baku,17,
SUPP,SUPR00008,Kepala Bagian (Region Office),1,Kepala Bagian Sumber Daya Manusia,15,
SUPP,SUPR00009,Kepala Bagian (Region Office),1,Kepala Bagian Sumber Daya Manusia dan Sistem Manajemen,15,
SUPP,SUPR00010,Kepala Bagian (Region Office),1,Kepala Bagian Sekretariat dan Hukum,15,
SUPP,SUPR00011,Kepala Bagian (Region Office),1,Kepala Bagian Sekretariat dan Sistem Manajemen,15,
SUPP,SUPR00012,Kepala Bagian (Region Office),1,Kepala Bagian Hukum,16,
SUPP,SUPR00013,Pengawas Wilayah (Region Office),1,Pengawas Wilayah Audit Regional,16,
SUPP,SUPR00014,Manager (Unit),1,Manager Diperbantukan,33,
SUPP,SUPR00015,Manager (Unit),1,Manajer Diperbantukan di bawah SEVP BS,33,
SUPP,SUPR00016,Manager (Unit),1,Manajer Karet,18,
SUPP,SUPR00017,Manager (Unit),1,Manajer Karet dan Kakao,18,
SUPP,SUPR00018,Manager (Unit),1,Manajer Karet dan Kayu,18,
SUPP,SUPR00019,Manager (Unit),1,Manajer Karet dan Kopi,18,
SUPP,SUPR00020,Manager (Unit),1,Manajer Karet dan Tebu,18,
SUPP,SUPR00021,Manager (Unit),1,Manajer Karet dan Teh,18,
SUPP,SUPR00022,Manager (Unit),1,"Manajer Karet, Kayu, dan Kopi",18,
SUPP,SUPR00023,Manager (Unit),1,Manajer Kayu dan Wisata Agro,18,
SUPP,SUPR00024,Manager (Unit),1,Manajer Kelapa,18,
SUPP,SUPR00025,Manager (Unit),1,Manajer Kopi,18,
SUPP,SUPR00026,Manager (Unit),1,Manajer Kopi dan Kayu,18,
SUPP,SUPR00027,Manager (Unit),1,Manajer Kopi dan Teh,18,
SUPP,SUPR00028,Manager (Unit),1,Manajer Teh,18,
SUPP,SUPR00029,Manager (Unit),1,Manajer Tembakau,18,
SUPP,SUPR00030,Manager (Unit),1,Manajer Ternak,18,
SUPP,SUPR00038,General Manager (Unit),1,General Manager Kakoba,18,
SUPP,SUPR00039,General Manager (Unit),1,General Manager Kebun Tembakau ,18,
SUPP,SUPR00040,General Manager (Unit),1,General Manager Pabrik Karung Rosella Baru ,19,
SUPP,SUPR00041,General Manager (Unit),1,General Manager Unit Usaha Strategis ,17,
SUPP,SUPR00049,Kepala Sub Bagian (Region Office),2,Kepala Sub Bagian Pengelolaan & Optimalisasi Aset,17,
SUPP,SUPR00050,Kepala Sub Bagian (Region Office),2,Kepala Sub Bagian Disposal Aset,17,
SUPP,SUPR00051,Kepala Sub Bagian (Region Office),2,Kepala Sub Bagian Optimalisasi Aset,17,
SUPP,SUPR00052,Kepala Sub Bagian (Region Office),2,Kepala Sub Bagian Optimalisasi dan Disposal Aset,17,
SUPP,SUPR00053,Manager (Unit),2,Manajer Properti dan Pengembangan usaha Lain ,17,
SUPP,SUPR00054,Manager (Unit),2,Manajer Umum dan Pengembangan Aset,17,
SUPP,SUPR00055,Advisor (Region Office),2,Senior Manager Komersialisasi & Opt Aset,17,
SUPP,SUPR00056,Advisor (Region Office),2,Senior Manager Legalitas Aset,16,
SUPP,SUPR00057,Advisor (Region Office),2,Senior Manager Operasional Aset,17,
SUPP,SUPR00058,kepala bidang (Unit/Distrik/Cluster),2,Kabid Operasional Diperbantukan,33,
SUPP,SUPR00059,kepala bidang (Unit/Distrik/Cluster),2,Kabid Operasional Group Manager Karet I,33,
SUPP,SUPR00060,kepala bidang (Unit/Distrik/Cluster),2,Kabid Operasional Group Manager Karet II,33,
SUPP,SUPR00061,kepala bidang (Unit/Distrik/Cluster),2,Kabid Operasional Group Manager Off Farm Teh I,33,
SUPP,SUPR00062,Kepala Sub Bagian (Region Office),2,Kasubbag Anggaran & Manajemen Risiko,13,
SUPP,SUPR00063,Kepala Sub Bagian (Region Office),2,Kepala Sub Bagian Akuntansi,13,
SUPP,SUPR00064,Kepala Sub Bagian (Region Office),2,Kepala Sub Bagian Anggaran & Verifikasi,13,
SUPP,SUPR00065,Kepala Sub Bagian (Region Office),2,Kepala Sub Bagian Keuangan,13,
SUPP,SUPR00066,Kepala Sub Bagian (Region Office),2,Kepala Sub Bagian Keuangan & HPS,13,
SUPP,SUPR00067,Kepala Sub Bagian (Region Office),2,Kepala Sub Bagian Pajak dan Asuransi,13,
SUPP,SUPR00068,Manager (Unit),2,Manajer Administrasi Keuangan dan Umum ,13,Pabrik Karung Rosela
SUPP,SUPR00069,Manager (Unit),2,"Manajer Administrasi Keuangan dan Umum
",13,Unit Usaha Bisnis
SUPP,SUPR00070,Manager (Unit),2,"Manajer Keuangan, SDM, Akuntansi dan Pengadaan",15,
SUPP,SUPR00071,Manager (Unit),2,Manajer Operasional Kebun Klaten,18,
SUPP,SUPR00072,Manager (Unit),2,Manajer Pengolahan Tembakau KOS dan KAK,19,
SUPP,SUPR00073,Manager (Unit),2,Manajer Pengolahan Tembakau TNG dan Filler,19,
SUPP,SUPR00074,Kepala Sub Bagian (Region Office),2,Kasubbag Pembelian Bahan Baku,19,
SUPP,SUPR00075,Kepala Sub Bagian (Region Office),2,Kasubbag QC dan Administrasi,33,
SUPP,SUPR00076,Kepala Sub Bagian (Region Office),2,Kasubbag Quality Assurance,33,
SUPP,SUPR00077,Kepala Sub Bagian (Region Office),2,Kepala Sub Bagian Administrasi dan Pemetaan,33,
SUPP,SUPR00078,Kepala Sub Bagian (Region Office),2,Kepala Sub Bagian Investasi dan Eksploitasi Pabrik,19,
SUPP,SUPR00079,Kepala Sub Bagian (Region Office),2,Kepala Sub Bagian Investasi Tanaman dan Pemetaan,33,
SUPP,SUPR00080,Kepala Sub Bagian (Region Office),2,"Kepala Sub Bagian Karet, Teh, Kopi  dan Kakao",33,
SUPP,SUPR00081,Kepala Sub Bagian (Region Office),2,Kepala Sub Bagian Pengolahan,19,
SUPP,SUPR00082,Kepala Sub Bagian (Region Office),2,Kepala Sub Bagian Produksi Tanaman,33,
SUPP,SUPR00083,Kepala Sub Bagian (Region Office),2,"Kepala Sub Bagian Proteksi, Pemupukan dan Sarana Produksi",33,
SUPP,SUPR00084,Kepala Sub Bagian (Region Office),2,Kepala Sub Bagian QC dan Adminstrasi,33,
SUPP,SUPR00085,Kepala Sub Bagian (Region Office),2,Kepala Sub Bagian Tanaman,33,
SUPP,SUPR00086,Kepala Sub Bagian (Region Office),2,Kepala Sub Bagian Tanaman Semusim,33,
SUPP,SUPR00087,Kepala Sub Bagian (Region Office),2,Kepala Sub Bagian Tanaman Tahunan,33,
SUPP,SUPR00088,Kepala Sub Bagian (Region Office),2,Kepala Sub Bagian Tanaman Tembakau,33,
SUPP,SUPR00089,Kepala Sub Bagian (Region Office),2,"Kepala Sub Bagian Tebu, Hortikultura, dan Kayu",33,
SUPP,SUPR00090,Kepala Sub Bagian (Region Office),2,Kepala Sub Bagian Teknik & Pengolahan,19,
SUPP,SUPR00091,Kepala Sub Bagian (Region Office),2,Kepala Sub Bagian Teknik dan Infrastruktur,19,
SUPP,SUPR00092,Kepala Sub Bagian (Region Office),2,Kepala Sub Bagian TMA,33,
SUPP,SUPR00093,Manager (Unit),2,Manajer Produksi ,18,
SUPP,SUPR00094,Manager (Unit),2,Manajer QA Tembakau,18,
SUPP,SUPR00095,Manager (Unit),2,Manajer Tanaman Tembakau Wilayah ,18,
SUPP,SUPR00096,Manager (Unit),2,"Manajer Workshop
",18,
SUPP,SUPR00097,Masinis Kepala (Unit),2,Masinis Kepala,19,
SUPP,SUPR00098,Kepala Sub Bagian (Region Office),2,Kepala Sub Bagian Logistik Pemasaran,15,
SUPP,SUPR00099,Kepala Sub Bagian (Region Office),2,Kepala Sub Bagian Pemasaran,14,
SUPP,SUPR00100,Kepala Sub Bagian (Region Office),2,Kepala Sub Bagian Pemasaran Tebu,14,
SUPP,SUPR00101,Kepala Sub Bagian (Region Office),2,Kepala Sub Bagian HPS dan Informasi Harga,15,
SUPP,SUPR00102,Ketua tim (SPI & Pengadaan) (Region Office),2,Ketua Tim Pengadaan,15,
SUPP,SUPR00103,Kepala Sub Bagian (Region Office),2,Kepala Sub Bagian TI Operasional,15,
SUPP,SUPR00104,Kepala Sub Bagian (Region Office),2,Kepala Sub Bagian Manajemen Proyek PMN,34,
SUPP,SUPR00105,Kepala Sub Bagian (Region Office),2,Kepala Sub Bagian Pengawasan PMN,34,
SUPP,SUPR00106,Kepala sub bagian proyek PMN  (Region Office),2,Kepala Sub Bagian Proyek PMN,34,
SUPP,SUPR00107,Kepala Sub Bagian (Region Office),2,Kepala Sub Bagian Kesejahteraan & Kesehatan,15,
SUPP,SUPR00108,Kepala Sub Bagian (Region Office),2,Kepala Sub Bagian Pengembangan SDM dan Hubungan Industrial,15,
SUPP,SUPR00109,Kepala Sub Bagian (Region Office),2,Kepala Sub Bagian Personalia dan Manajemen Kinerja,15,
SUPP,SUPR00110,Kepala Sub Bagian (Region Office),2,Kasubbag Kesekretariatan dan Pengolahan Data,15,
SUPP,SUPR00111,Kepala Sub Bagian (Region Office),2,"Kepala Sub Bagian Umum, Rumah Tangga & Keamanan",15,
SUPP,SUPR00112,Kepala Sub Bagian (Region Office),2,Kepala Sub Bagian Humas dan TJSL,15,
SUPP,SUPR00113,Kepala Sub Bagian (Region Office),2,Kepala Sub Bagian Keamanan,15,
SUPP,SUPR00114,Kepala Sub Bagian (Region Office),2,Kepala Sub Bagian Kesekretariatan dan Humas,15,
SUPP,SUPR00115,Kepala Sub Bagian (Region Office),2,Kepala Sub Bagian Kesekretariatan dan URTA,15,
SUPP,SUPR00116,Kepala Sub Bagian (Region Office),2,Kepala Sub Bagian Sekretariat dan Humas,15,
SUPP,SUPR00117,Kepala Sub Bagian (Region Office),2,Kepala Sub Bagian Hukum,16,
SUPP,SUPR00118,Kepala Sub Bagian (Region Office),2,Kepala Sub Bagian Hukum dan Perizinan,16,
SUPP,SUPR00119,Kepala Sub Bagian (Region Office),2,Kepala Sub Bagian Penyelesaian Sengketa,16,
SUPP,SUPR00120,Kepala Sub Bagian (Region Office),2,Kepala Sub Bagian Pertanahan,16,
SUPP,SUPR00121,Kepala Sub Bagian (Region Office),2,Kepala Sub Bagian Pertanahan dan Keamanan,16,
SUPP,SUPR00122,Kepala Sub Bagian (Region Office),2,Kepala Sub Bagian sebagai Anggota Tim Task Force Pengambil Alihan Lahan,16,
SUPP,SUPR00123,Kepala Sub Bagian (Region Office),2,"Kasubbag Lingkungan,K3,Sos & TK (ESG)",16,
SUPP,SUPR00124,Kepala Sub Bagian (Region Office),2,Kepala Sub Bagian Sistem Manajemen,16,
SUPP,SUPR00125,Kepala Sub Bagian (Region Office),2,Kepala Sub Bagian Manajemen Risiko dan Sustainability,16,
SUPP,SUPR00126,Kepala Sub Bagian (Region Office),2,Kepala Sub Bagian Sistem Manajemen dan Budaya Perusahaan,16,
SUPP,SUPR00127,Ketua tim (SPI & Pengadaan) (Region Office),2,Ketua Tim Audit Regional,16,
SUPP,SUPR00128,Asisten Kepala (Unit),2,Asisten Kepala Akuntansi dan Keuangan,13,
SUPP,SUPR00129,Asisten Kepala (Unit),2,Asisten Kepala Diperbantukan di bawah BRM,33,
SUPP,SUPR00130,Asisten Kepala (Unit),2,Asisten Kepala Karet,18,
SUPP,SUPR00131,Asisten Kepala (Unit),2,Asisten Kepala Karet dan Kakao,18,
SUPP,SUPR00132,Asisten Kepala (Unit),2,Asisten Kepala Karet dan Kayu,18,
SUPP,SUPR00133,Asisten Kepala (Unit),2,Asisten Kepala Karet dan Kopi,18,
SUPP,SUPR00134,Asisten Kepala (Unit),2,Asisten Kepala Karet dan Tebu,18,
SUPP,SUPR00135,Asisten Kepala (Unit),2,"Asisten Kepala Karet, Kayu, dan Kopi",18,
SUPP,SUPR00136,Asisten Kepala (Unit),2,Asisten Kepala Kopi,18,
SUPP,SUPR00137,Asisten Kepala (Unit),2,Asisten Kepala Kopi dan Kayu,18,
SUPP,SUPR00138,Asisten Kepala (Unit),2,Asisten Kepala Proteksi,18,
SUPP,SUPR00139,Asisten Kepala (Unit),2,Asisten Kepala Teh,18,
SUPP,SUPR00140,Asisten Kepala (Unit),2,Asisten Manager Diperbantukan,18,
SUPP,SUPR00141,Asisten Kepala (Unit),2,Kepala Puslit Tebu,33,
SUPP,SUPR00142,Asisten Kepala (Unit),2,Kepala Puslit Tembakau,33,
SUPP,SUPR00143,Manager (Unit),2,Pjs. Manager,18,
SUPP,SUPR00144,Advisor (Region Office),2,Senior Manager Unit Kakoba & Nawa Karya,17,
SUPP,SUPR00145,Advisor (Region Office),2,Senior Manager Unit Produk Hilir,17,
SUPP,SUPR00146,Asisten Holding/Sub Holding/Regional,3,Asisten Manajemen Perenc Strategis & KU,17,
SUPP,SUPR00147,"Asisten Tata Usaha, Keuangan, Personalia, dan Umum (Unit)",3,Asisten Manajer Properti dan Pengembangan usaha Lain,17,
SUPP,SUPR00148,"Asisten Tata Usaha, Keuangan, Personalia, dan Umum (Unit)",3,Asisten Manajer Umum dan Optimalisasi Aset,17,
SUPP,SUPR00149,Asisten Holding/Sub Holding/Regional,3,Asisten Optimalisasi Aset,17,
SUPP,SUPR00150,Asisten Holding/Sub Holding/Regional,3,Asisten Pengelolaan & Optimalisasi Aset,17,
SUPP,SUPR00151,Asisten Holding/Sub Holding/Regional,3,Asisten Pengelolaan dan Disposal Aset,17,
SUPP,SUPR00152,Asisten Holding/Sub Holding/Regional,3,Manager Identifikasi & Profiling Aset,17,
SUPP,SUPR00153,Asisten Holding/Sub Holding/Regional,3,Manager Pengelola Aset Wilayah Pantura,17,
SUPP,SUPR00154,Asisten Holding/Sub Holding/Regional,3,Manager Pengembangan Bisnis,17,
SUPP,SUPR00155,Asisten Holding/Sub Holding/Regional,3,Asisten Akuntansi,13,
SUPP,SUPR00156,Asisten Holding/Sub Holding/Regional,3,"Asisten Akuntansi, Keuangan, SDM dan Umum",13,
SUPP,SUPR00157,Asisten Holding/Sub Holding/Regional,3,Asisten Analisa Keuangan,13,
SUPP,SUPR00158,Asisten Holding/Sub Holding/Regional,3,Asisten Anggaran,13,
SUPP,SUPR00159,Asisten Holding/Sub Holding/Regional,3,Asisten Kas & Bank,13,
SUPP,SUPR00160,"Asisten Tata Usaha, Keuangan, Personalia, dan Umum (Unit)",3,Asisten Manajer Keuangan,13,
SUPP,SUPR00161,"Asisten Tata Usaha, Keuangan, Personalia, dan Umum (Unit)",3,Asisten Manajer Keuangan dan Akuntansi,13,
SUPP,SUPR00162,Asisten Holding/Sub Holding/Regional,3,Asisten Pajak & Asuransi,13,
SUPP,SUPR00163,Asisten Holding/Sub Holding/Regional,3,Asisten Verifikasi,13,
SUPP,SUPR00164,Asisten Holding/Sub Holding/Regional,3,Asisten Verifikasi dan Aktiva Tetap,13,
SUPP,SUPR00165,Asisten Holding/Sub Holding/Regional,3,Finance & Administration Manager,13,
SUPP,SUPR00166,Asisten Holding/Sub Holding/Regional,3,Finance & GA Manager,13,
SUPP,SUPR00167,staf bidang (unit grup/distrik),3,Staf Bidang Keuangan dan Administrasi,13,
SUPP,SUPR00168,staf bidang (unit grup/distrik),3,Staf Kantor Penghubung,15,
SUPP,SUPR00169,Asisten Holding/Sub Holding/Regional,3,Asisten Administrasi Tanaman,33,
SUPP,SUPR00170,Asisten Holding/Sub Holding/Regional,3,Asisten Agronomi,33,
SUPP,SUPR00171,Asisten Holding/Sub Holding/Regional,3,Asisten Eksploitasi Pabrik,19,
SUPP,SUPR00172,Asisten Holding/Sub Holding/Regional,3,Asisten Infrastruktur Pabrik,19,
SUPP,SUPR00173,Asisten Holding/Sub Holding/Regional,3,Asisten Investasi Pabrik,19,
SUPP,SUPR00174,Asisten Holding/Sub Holding/Regional,3,Asisten Investasi Tanaman,33,
SUPP,SUPR00175,Asisten Afdeling/Tanaman (Unit),3,Asisten Manajer Operasional Kebun Klaten,18,
SUPP,SUPR00176,"Asisten Tata Usaha, Keuangan, Personalia, dan Umum (Unit)",3,Asisten Manajer Pengembangan Budidaya,18,
SUPP,SUPR00177,Asisten Afdeling/Tanaman (Unit),3,Asisten Manajer Pengolahan Gudang Tembakau TNG dan Filler,19,
SUPP,SUPR00178,Asisten Afdeling/Tanaman (Unit),3,Asisten Manajer Pengolahan Tembakau KOS dan KAK,19,
SUPP,SUPR00179,Asisten Pabrik (Unit),3,Asisten Manajer PPC,18,
SUPP,SUPR00180,Asisten Pabrik (Unit),3,Asisten Manajer Produksi,18,
SUPP,SUPR00181,Asisten Afdeling/Tanaman (Unit),3,Asisten Manajer QA Tembakau,18,
SUPP,SUPR00182,Asisten Pabrik (Unit),3,Asisten Manajer Quality Assurance,18,
SUPP,SUPR00183,Asisten Afdeling/Tanaman (Unit),3,Asisten Manajer Tanaman Tembakau Wilayah,18,
SUPP,SUPR00184,Asisten Pabrik (Unit),3,Asisten Manajer Teknik,19,
SUPP,SUPR00185,"Asisten Tata Usaha, Keuangan, Personalia, dan Umum (Unit)",3,Asisten Manajer Workshop,19,
SUPP,SUPR00186,Asisten Holding/Sub Holding/Regional,3,Asisten Operasional Tanaman,33,
SUPP,SUPR00187,Asisten Holding/Sub Holding/Regional,3,Asisten Operasional Tanaman Hortikultura & Kayu,33,
SUPP,SUPR00188,Asisten Holding/Sub Holding/Regional,3,Asisten Operasional Tanaman Karet,33,
SUPP,SUPR00189,Asisten Holding/Sub Holding/Regional,3,Asisten Operasional Tanaman Tebu,33,
SUPP,SUPR00190,Asisten Holding/Sub Holding/Regional,3,Asisten Operasional Tanaman Tebu dan Tembakau,33,
SUPP,SUPR00191,Asisten Holding/Sub Holding/Regional,3,"Asisten Operasional Tanaman Teh, Kopi dan Kakao",33,
SUPP,SUPR00192,Asisten Holding/Sub Holding/Regional,3,Asisten Pemeliharaan dan Proteksi Tanaman,33,
SUPP,SUPR00193,Asisten Holding/Sub Holding/Regional,3,Asisten Pemeliharaan Tanaman,33,
SUPP,SUPR00194,Asisten Holding/Sub Holding/Regional,3,Asisten Pemetaan,33,
SUPP,SUPR00195,Asisten Holding/Sub Holding/Regional,3,Asisten Pemetaan dan Teknologi Tanaman,33,
SUPP,SUPR00196,Asisten Holding/Sub Holding/Regional,3,Asisten Pemupukan,33,
SUPP,SUPR00197,Asisten Holding/Sub Holding/Regional,3,"Asisten Pemupukan, Pemeliharaan dan Proteksi Tanaman",33,
SUPP,SUPR00198,Asisten Holding/Sub Holding/Regional,3,Asisten Pengawasan Pengolahan,19,
SUPP,SUPR00199,Asisten Holding/Sub Holding/Regional,3,Asisten Pengawasan Teknik Sipil dan Traksi,19,
SUPP,SUPR00200,Asisten Holding/Sub Holding/Regional,3,Asisten Pengolahan,19,
SUPP,SUPR00201,Asisten Holding/Sub Holding/Regional,3,Asisten Perencanaan Produksi Tanaman Sawit,33,
SUPP,SUPR00202,Asisten Holding/Sub Holding/Regional,3,Asisten QC Pengolahan,19,
SUPP,SUPR00203,Asisten Holding/Sub Holding/Regional,3,Asisten QC Tanaman,33,
SUPP,SUPR00204,Asisten Holding/Sub Holding/Regional,3,Asisten Quality Assurance,33,
SUPP,SUPR00205,Asisten Holding/Sub Holding/Regional,3,Asisten Sarana Produksi dan Investasi Produksi,19,
SUPP,SUPR00206,Asisten Holding/Sub Holding/Regional,3,Asisten Tanaman Tembakau,18,
SUPP,SUPR00207,Asisten/Staff bidang  (Unit/Distrik/Cluster),3,Asisten Teknik,19,
SUPP,SUPR00208,Asisten/Staff bidang  (Unit/Distrik/Cluster),3,Asisten Teknik dan Pengolahan,19,
SUPP,SUPR00209,Asisten Holding/Sub Holding/Regional,3,Asisten Teknik Sipil Traksi,19,
SUPP,SUPR00210,Asisten Afdeling/Tanaman (Unit),3,Peneliti Tebu,33,
SUPP,SUPR00211,Asisten Afdeling/Tanaman (Unit),3,Peneliti Tembakau,33,
SUPP,SUPR00212,Asisten Holding/Sub Holding/Regional,3,Production & Operation Manager,33,
SUPP,SUPR00213,staf bidang (unit grup/distrik),3,Staf Bidang Tanaman,33,
SUPP,SUPR00214,staf bidang (unit grup/distrik),3,Staf Bidang Teknik dan Pengolahan,19,
SUPP,SUPR00215,staf bidang (unit grup/distrik),3,Staf IPMG Panjang,33,
SUPP,SUPR00216,staf bidang (unit grup/distrik),3,Staf IPMG Pulau Baai,33,
SUPP,SUPR00217,Asisten Holding/Sub Holding/Regional,3,Asisten Admin Logistik,15,
SUPP,SUPR00218,Asisten Holding/Sub Holding/Regional,3,Asisten Admin Pengadaan,15,
SUPP,SUPR00219,Asisten Holding/Sub Holding/Regional,3,Asisten Administrasi dan Help Desk ERP,15,
SUPP,SUPR00220,Asisten Holding/Sub Holding/Regional,3,Asisten HPS & Informasi Harga,15,
SUPP,SUPR00221,Asisten Holding/Sub Holding/Regional,3,Asisten Logistik Pemasaran,14,
SUPP,SUPR00222,"Asisten Tata Usaha, Keuangan, Personalia, dan Umum (Unit)",3,Asisten Manajer Akuntansi dan Pengadaan,13,
SUPP,SUPR00223,"Asisten Tata Usaha, Keuangan, Personalia, dan Umum (Unit)",3,Asisten Manajer Gudang,13,
SUPP,SUPR00224,"Asisten Tata Usaha, Keuangan, Personalia, dan Umum (Unit)",3,Asisten Manajer Pengadaan dan Pemasaran,15,
SUPP,SUPR00225,Asisten Holding/Sub Holding/Regional,3,Asisten Pemasaran,14,
SUPP,SUPR00226,Asisten Holding/Sub Holding/Regional,3,Asisten Pemasaran Komoditi,14,
SUPP,SUPR00227,Asisten Holding/Sub Holding/Regional,3,Asisten Pemasaran Non Komoditi,14,
SUPP,SUPR00228,Asisten Holding/Sub Holding/Regional,3,Asisten Pemasaran Tebu,14,
SUPP,SUPR00229,Asisten Holding/Sub Holding/Regional,3,Asisten Pengadaan,15,
SUPP,SUPR00230,Asisten Holding/Sub Holding/Regional,3,Manager Pemasaran,14,
SUPP,SUPR00231,Asisten Holding/Sub Holding/Regional,3,Marketing Manager,14,
SUPP,SUPR00232,Asisten Holding/Sub Holding/Regional,3,Sales & Marketing Manager,14,
SUPP,SUPR00233,Asisten Holding/Sub Holding/Regional,3,Asisten TI Operasional,15,
SUPP,SUPR00234,Asisten Proyek PMN (Unit),3,Anggota Project Manajer Pengawalan Bahan Baku,19,
SUPP,SUPR00235,Asisten Proyek PMN (Unit),3,Asisten Manajemen Proyek PMN,34,
SUPP,SUPR00236,Asisten Holding/Sub Holding/Regional,3,Asisten Sub Bagian Pengawasan PMN,34,
SUPP,SUPR00237,Asisten Holding/Sub Holding/Regional,3,Asisten Budaya Perusahaan,15,
SUPP,SUPR00238,Penugasan Anper Non PTPN (BoD-3) (Region Office),3,Asisten Diperbantukan,33,
SUPP,SUPR00239,Asisten Holding/Sub Holding/Regional,3,Asisten Hubungan Industrial,15,
SUPP,SUPR00240,Asisten Holding/Sub Holding/Regional,3,Asisten Jaminan Sosial dan Pensiun,15,
SUPP,SUPR00241,Asisten Holding/Sub Holding/Regional,3,Asisten Kesehatan,15,
SUPP,SUPR00242,Asisten Holding/Sub Holding/Regional,3,Asisten Manajemen Kinerja,15,
SUPP,SUPR00243,"Asisten Tata Usaha, Keuangan, Personalia, dan Umum (Unit)",3,Asisten Manajer SDM,15,
SUPP,SUPR00244,"Asisten Tata Usaha, Keuangan, Personalia, dan Umum (Unit)",3,"Asisten Manajer SDM , Umum dan Aset",15,
SUPP,SUPR00245,"Asisten Tata Usaha, Keuangan, Personalia, dan Umum (Unit)",3,Asisten Manajer SDM dan Umum,15,
SUPP,SUPR00246,Asisten Holding/Sub Holding/Regional,3,Asisten Pengembangan SDM dan Pelatihan,15,
SUPP,SUPR00247,Asisten Holding/Sub Holding/Regional,3,Asisten Penggajian dan Remunerasi,15,
SUPP,SUPR00248,Asisten Holding/Sub Holding/Regional,3,Asisten Perencanaan Tenaga Kerja,15,
SUPP,SUPR00249,Asisten Holding/Sub Holding/Regional,3,Asisten Perencanaan Tenaga Kerja dan Rekrutmen,15,
SUPP,SUPR00250,Asisten/Staff bidang  (Unit/Distrik/Cluster),3,Asisten Personalia,15,
SUPP,SUPR00251,Asisten Holding/Sub Holding/Regional,3,Asisten Personalia & Manajemen Kinerja,15,
SUPP,SUPR00252,Asisten Holding/Sub Holding/Regional,3,Asisten SDM dan Umum,15,
SUPP,SUPR00253,staf bidang (unit grup/distrik),3,Staf Kesehatan,15,
SUPP,SUPR00254,Asisten Holding/Sub Holding/Regional,3,Asisten Humas & TJSL,15,
SUPP,SUPR00255,Asisten Holding/Sub Holding/Regional,3,Asisten Humas dan Protokoler,15,
SUPP,SUPR00256,Asisten Holding/Sub Holding/Regional,3,Asisten Keamanan,15,
SUPP,SUPR00257,Asisten Holding/Sub Holding/Regional,3,Asisten Kesekretariatan & Pengelolaan Data,15,
SUPP,SUPR00258,Asisten Holding/Sub Holding/Regional,3,Asisten Kesekretariatan dan Protokoler,15,
SUPP,SUPR00259,Asisten Holding/Sub Holding/Regional,3,Asisten Kesekretariatan dan Urta,15,
SUPP,SUPR00260,Asisten Holding/Sub Holding/Regional,3,Asisten Manajemen Risiko,16,
SUPP,SUPR00261,Asisten Holding/Sub Holding/Regional,3,Asisten TJSL,15,
SUPP,SUPR00262,Asisten Holding/Sub Holding/Regional,3,Asisten Umum & Rumah Tangga,15,
SUPP,SUPR00263,Asisten Holding/Sub Holding/Regional,3,Manager Administrasi Umum,15,
SUPP,SUPR00264,Asisten Holding/Sub Holding/Regional,3,Asisten Kepatuhan & Legal Drafting,16,
SUPP,SUPR00265,Asisten Holding/Sub Holding/Regional,3,Asisten Litigasi,16,
SUPP,SUPR00266,Asisten Holding/Sub Holding/Regional,3,Asisten Litigasi dan Non Litigasi,16,
SUPP,SUPR00267,"Asisten Tata Usaha, Keuangan, Personalia, dan Umum (Unit)",3,Asisten Manajer Agraria dan Legal Aset,16,
SUPP,SUPR00268,Asisten Holding/Sub Holding/Regional,3,Asisten Non Litigasi,16,
SUPP,SUPR00269,Asisten Holding/Sub Holding/Regional,3,Asisten Perizinan dan Kepatuhan,16,
SUPP,SUPR00270,Asisten Holding/Sub Holding/Regional,3,Asisten Pertanahan,16,
SUPP,SUPR00271,Asisten Holding/Sub Holding/Regional,3,Asisten Pertanahan & Perizinan,16,
SUPP,SUPR00272,Asisten Holding/Sub Holding/Regional,3,Asisten Pertanahan dan Keamanan,16,
SUPP,SUPR00273,Asisten Holding/Sub Holding/Regional,3,Manager Legal & Perikatan & Divestasi,16,
SUPP,SUPR00274,Asisten Holding/Sub Holding/Regional,3,"Asisten Lingkungan,K3,Sosial & T Kelola (ESG)",16,
SUPP,SUPR00275,Asisten Holding/Sub Holding/Regional,3,Asisten Pengawasan Sistem Manajemen,16,
SUPP,SUPR00276,Asisten Holding/Sub Holding/Regional,3,Asisten Perencanaan Strategis,17,
SUPP,SUPR00277,Asisten Holding/Sub Holding/Regional,3,Asisten Sistem Manajemen dan Sustainability,16,
SUPP,SUPR00278,Asisten Holding/Sub Holding/Regional,3,Asisten Sistem Manajemen-MRK,16,
SUPP,SUPR00279,Asisten Holding/Sub Holding/Regional,3,Asisten Auditor Regional,16,
SUPP,SUPR00280,Asisten Holding/Sub Holding/Regional,3,Asisten Auditor Tim A,16,
SUPP,SUPR00281,Asisten Holding/Sub Holding/Regional,3,Asisten Auditor Tim B,16,
SUPP,SUPR00282,Asisten Afdeling/Tanaman (Unit),3,Asisten Afdeling Kakao,18,
SUPP,SUPR00283,Asisten Afdeling/Tanaman (Unit),3,Asisten Afdeling Karet,18,
SUPP,SUPR00284,Asisten Afdeling/Tanaman (Unit),3,Asisten Afdeling Kayu,18,
SUPP,SUPR00285,Asisten Afdeling/Tanaman (Unit),3,Asisten Afdeling Kopi,18,
SUPP,SUPR00286,Asisten Afdeling/Tanaman (Unit),3,Asisten Afdeling Teh,18,
SUPP,SUPR00287,Asisten Afdeling/Tanaman (Unit),3,Asisten Afdeling Tembakau,18,
SUPP,SUPR00288,Asisten Holding/Sub Holding/Regional,3,Asisten Laboratorium,19,
SUPP,SUPR00289,Asisten/Staff bidang  (Unit/Distrik/Cluster),3,Asisten Personalia Kebun,15,
SUPP,SUPR00290,Asisten/Staff bidang  (Unit/Distrik/Cluster),3,Asisten Tata Usaha,13,
SUPP,SUPR00291,"Asisten Tata Usaha, Keuangan, Personalia, dan Umum (Unit)",3,Asisten Tata Usaha dan Personalia,15,
SUPP,SUPR00292,"Asisten Tata Usaha, Keuangan, Personalia, dan Umum (Unit)",3,Asisten Tata Usaha dan Umum,13,
SUPP,SUPR00293,Asisten Holding/Sub Holding/Regional,3,Asisten TMA,33,
SUPP,SUPR00294,Asisten Afdeling/Tanaman (Unit),3,Asisten Afdeling Kelapa,18,
SUPP,SUPR00295,Asisten/Staff bidang  (Unit/Distrik/Cluster),3,Asisten Agrowisata,17,
SUPP,SUPR00296,Asisten Holding/Sub Holding/Regional,3,Operation & Service Manager,17,
SUPP,SUPR00297,Manager (Unit),1,Manager Industri Hilir Teh,33,
SUPP,SUPR00298,Manager (Unit),1,Manager Agrowisata,33,
SUPP,SUPR00299,Grup Manager  (Unit/Distrik/Cluster),1,Group Manager Karet,18,
SUPP,SUPR00300,Manager Kebun (Unit),1,Manajer Tebu,18,
SUPP,SUPR00301,Manager (Unit),1,Manajer Teh dan Wisata Agro,18,
SUPP,SUPR00302,Kepala Sub Bagian (Region Office),2,Kepala Sub Bagian Manajemen Aset dan Pemasaran,17,
SUPP,SUPR00303,Asisten Kepala (Unit),2,Asisten Kepala Teh dan Wisata Agro,18,
SUPP,SUPR00304,Asisten Kepala (Unit),2,Asisten Kepala Karet dan Teh,18,
SUPP,SUPR00305,Asisten Kepala (Unit),2,Asisten Manager Pengembangan dan Legal,17,Industri Hilir Teh
SUPP,SUPR00306,Asisten Kepala (Unit),2,"Asisten Manager IT, Jaringan Digital & Manajemen Kinerja",15,Industri Hilir Teh
SUPP,SUPR00307,Asisten Kepala (Unit),2,Asisten Manager Teknik dan Produksi,19,Industri Hilir Teh
SUPP,SUPR00308,Asisten Kepala (Unit),2,Asisten Manager Pemasaran dan Suara Pelanggan,14,Industri Hilir Teh
SUPP,SUPR00309,Asisten Kepala (Unit),2,Asisten Manager Administrasi dan Umum,15,Industri Hilir Teh
SUPP,SUPR00310,Asisten Kepala (Unit),2,Asisten Manager Penjualan,14,Industri Hilir Teh
SUPP,SUPR00311,Asisten Kepala (Unit),2,Asisten Manager Operasional Wilayah I,18,Agrowisata
SUPP,SUPR00312,Asisten Kepala (Unit),2,Asisten Manager Food & Beverage,15,Agrowisata
SUPP,SUPR00313,Asisten Kepala (Unit),2,Asisten Manager Pemasaran & Penjualan,14,Agrowisata
SUPP,SUPR00314,Asisten Kepala (Unit),2,Asisten Manager Pengembangan,17,Agrowisata
SUPP,SUPR00315,Asisten Kepala (Unit),2,Asisten Manager Infrastruktur dan Sipil,19,Agrowisata
SUPP,SUPR00316,Asisten Kepala (Unit),2,Asisten Manager Administrasi dan Keuangan,13,Agrowisata
SUPP,SUPR00317,Asisten/Staff bidang  (Unit/Distrik/Cluster),3,Asisten Pengembangan Produk,17,Industri Hilir Teh
SUPP,SUPR00318,Asisten/Staff bidang  (Unit/Distrik/Cluster),3,Asisten Produksi,18,Industri Hilir Teh
SUPP,SUPR00319,Asisten/Staff bidang  (Unit/Distrik/Cluster),3,Staf Account Receiveable,13,Industri Hilir Teh
SUPP,SUPR00320,Asisten Wisata Agro (Unit),3,Staf Administrasi & Umum,15,Agrowisata
SUPP,SUPR00321,Asisten/Staff bidang  (Unit/Distrik/Cluster),3,Staf Administrasi Penjualan,14,Industri Hilir Teh
SUPP,SUPR00322,Asisten Wisata Agro (Unit),3,Staf Food & Beverage,15,Agrowisata
SUPP,SUPR00323,Asisten/Staff bidang  (Unit/Distrik/Cluster),3,"Staf IT, Jaringan Digital dan Manajemen Kinerja",15,Industri Hilir Teh
SUPP,SUPR00324,Asisten Wisata Agro (Unit),3,Staf Pemasaran,14,Agrowisata
SUPP,SUPR00325,Asisten/Staff bidang  (Unit/Distrik/Cluster),3,Staf Pemasaran,14,Industri Hilir Teh
SUPP,SUPR00326,Asisten/Staff bidang  (Unit/Distrik/Cluster),3,Staf Pemasaran & Suara Pelanggan,14,Industri Hilir Teh
SUPP,SUPR00327,General Manager (Unit),1,General Manager Tebu,18,Tebu
SUPP,SUPR00328,Asisten/Staff bidang  (Unit/Distrik/Cluster),3,Staf Pemasaran Internasional,14,Industri Hilir Teh
SUPP,SUPR00329,Asisten/Staff bidang  (Unit/Distrik/Cluster),3,Staf Pengembangan dan Legal,17,Industri Hilir Teh
SUPP,SUPR00330,Asisten/Staff bidang  (Unit/Distrik/Cluster),3,Staf Penjualan Internasional,14,Industri Hilir Teh
SUPP,SUPR00331,Ketua tim (SPI & Pengadaan) (Region Office),3,Asisten Auditor Tim C,16,
SUPP,SUPR00332,Kepala Sub Bagian (Region Office),2,Kepala Sub Bagian Produksi Tanaman Karet dan Kelapa,33,"Karet, Kelapa"
SUPP,SUPR00333,Kepala Sub Bagian (Region Office),2,"Kepala Sub Bagian Proteksi, Pemupukan dan Sarana Produksi Kelapa Sawit, Tebu dan Tembakau",33,"Kelapa Sawit, Tebu, Tembakau"
SUPP,SUPR00334,Kepala Sub Bagian (Region Office),2,"Kepala Sub Bagian Proteksi, Pemupukan dan Sarana Produksi Karet, Kopi dan Teh",33,"Karet, Kopi, Teh"
SUPP,SUPR00335,Kepala Sub Bagian (Region Office),2,"Kepala Sub Bagian Proteksi, Pemupukan dan Sarana Produksi Tebu",33,Tebu
SUPP,SUPR00336,Kepala Sub Bagian (Region Office),2,"Kepala Sub Bagian Proteksi, Pemupukan dan Sarana Produksi Karet dan Kelapa",33,"Karet, Kelapa"
SUPP,SUPR00337,Kepala Sub Bagian (Region Office),2,"Kepala Sub Bagian QC dan Adminstrasi Karet, Kelapa dan Ternak",33,"Karet, Kelapa, Ternak"
SUPP,SUPR00338,Kepala Sub Bagian (Region Office),2,"Kepala Sub Bagian Tanaman Karet, Kopi dan Teh",33,"Karet, Kopi, Teh"
SUPP,SUPR00339,Kepala Sub Bagian (Region Office),2,Kepala Sub Bagian Tanaman Tebu dan Tembakau,33,"Tebu, Tembakau "
SUPP,SUPR00340,Asisten Holding/Sub Holding/Regional,3,Asisten Administrasi Tanaman Kelapa Sawit dan Tebu,33,"Kelapa Sawit, Tebu"
SUPP,SUPR00341,Asisten Holding/Sub Holding/Regional,3,"Asisten Administrasi Tanaman Karet, Kopi dan Teh",33,"Karet, Kopi, Teh"
SUPP,SUPR00342,Asisten Holding/Sub Holding/Regional,3,Asisten Administrasi Tanaman Tebu,33,Tebu
SUPP,SUPR00343,Asisten Holding/Sub Holding/Regional,3,"Asisten Administrasi Tanaman Kayu, Kopi dan Karet",33,"Kayu, Kopi, Karet, Kakao, Teh"
SUPP,SUPR00344,Asisten Holding/Sub Holding/Regional,3,"Asisten Administrasi Tanaman Karet, Kelapa dan Ternak",33,"Karet, Kelapa, Ternak"
SUPP,SUPR00345,Asisten Holding/Sub Holding/Regional,3,Asisten Operasional Tanaman Tebu dan Tembakau,33,"Tebu, Tembakau "
SUPP,SUPR00346,Asisten Holding/Sub Holding/Regional,3,Asisten Operasional Tanaman Karet dan Kelapa,33,"Karet, Kelapa"
SUPP,SUPR00347,Asisten Holding/Sub Holding/Regional,3,Asisten Pemeliharaan dan Proteksi Tanaman Kelapa Sawit dan Tebu,33,"Kelapa Sawit, Tebu"
SUPP,SUPR00348,Asisten Holding/Sub Holding/Regional,3,"Asisten Pemeliharaan dan Proteksi Tanaman Karet, Kopi dan Teh",33,"Karet, Kopi, Teh"
SUPP,SUPR00349,Asisten Holding/Sub Holding/Regional,3,Asisten Pemeliharaan dan Proteksi Tanaman Tebu,33,Tebu
SUPP,SUPR00350,Asisten Holding/Sub Holding/Regional,3,"Asisten Pemeliharaan dan Proteksi Tanaman Kayu, Kopi dan Karet",33,"Kayu, Kopi, Karet, Kakao, Teh"
SUPP,SUPR00351,Asisten Holding/Sub Holding/Regional,3,Asisten Pengawasan Pengolahan Tebu,19,Tebu
SUPP,SUPR00352,Asisten Holding/Sub Holding/Regional,3,"Asisten Pengawasan Pengolahan Kayu, Kopi dan Karet",19,"Kayu, Kopi, Karet, Kakao, Teh"
SUPP,SUPR00353,Asisten Holding/Sub Holding/Regional,3,"Asisten Sarana Produksi dan Investasi Produksi Kayu, Kopi dan Karet",19,"Kayu, Kopi, Karet, Kakao, Teh"
SUPP,SUPR00354,Asisten/Staff bidang  (Unit/Distrik/Cluster),3,"Asisten Teknik dan Pengolahan Karet, Kopi dan Teh",19,"Karet, Kopi, Teh"
SUPP,SUPR00355,Asisten/Staff bidang  (Unit/Distrik/Cluster),3,"Asisten Teknik dan Pengolahan Kayu, Kopi dan Karet",19,"Kayu, Kopi, Karet, Kakao, Teh"
SUPP,SUPR00356,Asisten Holding/Sub Holding/Regional,3,Asisten Teknik Sipil Traksi Tebu dan tembakau,19,"Tebu, Tembakau "
SUPP,SUPR00357,Asisten Holding/Sub Holding/Regional,3,Asisten Teknik Sipil Traksi Karet dan Teh,19,"Karet, Teh "
SUPP,SUPR00358,Asisten Holding/Sub Holding/Regional,3,Asisten Administrasi Tanaman Karet dan Teh,33,"Karet, Teh"
SUPP,SUPR00359,Asisten Holding/Sub Holding/Regional,3,"Asisten Sarana Produksi dan Investasi Produksi Karet, Kopi dan Teh",33,"Karet, Kopi, Teh"
SUPP,SUPR00361,Asisten Holding/Sub Holding/Regional,3,Asisten Pemupukan Kelapa Sawit dan Tebu,33,"Kelapa Sawit, Tebu"
SUPP,SUPR00362,Asisten Holding/Sub Holding/Regional,3,"Asisten Pemupukan karet, Kopi dan Teh",33,"Karet, Kopi, Teh"
SUPP,SUPR00363,Asisten Holding/Sub Holding/Regional,3,Asisten Pemupukan Tebu,33,Tebu
SUPP,SUPR00364,Asisten Holding/Sub Holding/Regional,3,Asisten Pemupukan Aneka Tanaman,33,"Kayu, Kopi, Karet, Kakao, Teh"
SUPP,SUPR00365,Asisten Holding/Sub Holding/Regional,3,Asisten Pemupukan Karet dan Kelapa,33,"Karet, Kelapa"
SUPP,SUPR00366,Asisten/Staff bidang  (Unit/Distrik/Cluster),3,Asisten Teknik dan Pengolahan Teh,19,Teh
